<?xml version="1.0" encoding="iso-8859-15"?>
<body>
  <R_Data>
    <C_Id>0</C_Id>
    <C_Name>
    </C_Name>
    <C_Key>
    </C_Key>
    <C_Desc>
    </C_Desc>
    <C_Tematica>
    </C_Tematica>
    <C_Activo>0</C_Activo>
  </R_Data>
  <R_Data>
    <C_Id>4</C_Id>
    <C_Name>SQcist0wINufeYEKFuTScw==</C_Name>
    <C_Key>bF5IbJpM2a84ZGKPj2XTbi4jgNg+oDLNVuiP4es/APnl2om8mH3GTUZBKMVvqwfbzkmTunmeG7UFqmjueyBh65sSstARFpNnvcrnTipdHQQ=</C_Key>
    <C_Desc>bsD/2lQrSTcMR6+eOPTbuA==</C_Desc>
    <C_Tematica>5r68fCC7ZhrPL1uryTCIo+SNL9KtWrE+4lQ+3mPPbiM=</C_Tematica>
    <C_Activo>True</C_Activo>
  </R_Data>
</body>