<?xml version="1.0" encoding="iso-8859-15"?>
<body>
  <R_Data>
    <C_Id>0</C_Id>
    <C_Name>
    </C_Name>
    <C_Key>
    </C_Key>
    <C_Desc>
    </C_Desc>
    <C_Tematica>
    </C_Tematica>
    <C_Activo>0</C_Activo>
  </R_Data>
  <R_Data>
    <C_Id>1</C_Id>
    <C_Name>EzhogeJMnD6rslCNLqZFAQ==</C_Name>
    <C_Key>ShucbCkF7O3Yg2w6CItaxQ==</C_Key>
    <C_Desc>+hC8+nB4dHVlp330E4p5jQ==</C_Desc>
    <C_Tematica>yLAP3qP+ysTL58Q/Cxa8CopNH1md00XwkBQ+gT4ENWw=</C_Tematica>
    <C_Activo>True</C_Activo>
  </R_Data>
</body>