<?xml version="1.0" encoding="iso-8859-15"?>
<body>
  <R_Data>
    <C_Id>0</C_Id>
    <C_Name>
    </C_Name>
    <C_Key>
    </C_Key>
    <C_Desc>
    </C_Desc>
    <C_Tematica>
    </C_Tematica>
    <C_Activo>0</C_Activo>
  </R_Data>
  <R_Data>
    <C_Id>1</C_Id>
    <C_Name>V//hqZakoQgdHxvPgPvGtA==</C_Name>
    <C_Key>b5SlJRN2Pdia8JGVug7s1A==</C_Key>
    <C_Desc>8+l7Q1zMOvuBa1k/I/iqzw==</C_Desc>
    <C_Tematica>0G3Tipck1vShPlU0DTpejw==</C_Tematica>
    <C_Activo>True</C_Activo>
  </R_Data>
  <R_Data>
    <C_Id>2</C_Id>
    <C_Name>fsK1T59J9VSnIHDVH75/yg==</C_Name>
    <C_Key>B2V/O8p2C8QhgVkAPxyv5A==</C_Key>
    <C_Desc>8+l7Q1zMOvuBa1k/I/iqzw==</C_Desc>
    <C_Tematica>0G3Tipck1vShPlU0DTpejw==</C_Tematica>
    <C_Activo>True</C_Activo>
  </R_Data>
</body>