<?xml version="1.0" encoding="iso-8859-15"?>
<body>
  <R_Data>
    <C_Id>0</C_Id>
    <C_Name>
    </C_Name>
    <C_Key>
    </C_Key>
    <C_Desc>
    </C_Desc>
    <C_Tematica>
    </C_Tematica>
    <C_Activo>0</C_Activo>
  </R_Data>
  <R_Data>
    <C_Id>1</C_Id>
    <C_Name>V//hqZakoQgdHxvPgPvGtA==</C_Name>
    <C_Key>FeKE206eqmWLD0TFzrKq3A==</C_Key>
    <C_Desc>pVna17KKnSI17subTzQITg==</C_Desc>
    <C_Tematica>lnNF1O3tJaUCYvFbDC7RPg==</C_Tematica>
    <C_Activo>True</C_Activo>
  </R_Data>
</body>